delta_v_km_s,chemical_isp_s,ntp_isp_s,chemical_exhaust_speed_m_s,ntp_exhaust_speed_m_s,chemical_propellant_per_dry_mass,ntp_propellant_per_dry_mass,ntp_to_chemical_propellant_ratio_equal_dry_mass,propellant_reduction_pct_equal_dry_mass,wet_mass_ratio_equal_dry_mass,wet_mass_reduction_pct_equal_dry_mass,ideal_kinetic_energy_ratio_equal_dry_mass,ideal_kinetic_energy_change_pct_equal_dry_mass,ntp_to_chemical_propellant_ratio_ntp_dry_mass_plus_25pct,ntp_to_chemical_wet_mass_ratio_ntp_dry_mass_plus_25pct,ideal_kinetic_energy_ratio_ntp_dry_mass_plus_25pct
0.5,452.0,900.0,4432.605799999999,8825.984999999999,0.11940855063925032,0.05828629891722568,0.4881250011426453,51.18749988573548,0.9453977266056078,5.460227339439216,1.9352594708157584,93.52594708157585,0.6101562514283067,1.1817471582570098,2.419074338519698
1.0,452.0,900.0,4432.605799999999,8825.984999999999,0.25307550324426703,0.11996989047591956,0.47404781947672475,52.59521805232752,0.8937768614710516,10.622313852894838,1.8794479490178706,87.94479490178706,0.5925597743459059,1.1172210768388144,2.349309936272338
1.5,452.0,900.0,4432.605799999999,8825.984999999999,0.40270343292821414,0.18524879029049146,0.46001294040002355,53.99870595999765,0.8449746129274275,15.502538707257251,1.8238041434529872,82.38041434529873,0.5750161755000295,1.0562182661592843,2.279755179316234
2.0,452.0,900.0,4432.605799999999,8825.984999999999,0.5701982168308732,0.2543325555726432,0.4460423552115052,55.395764478849486,0.7988370781010433,20.116292189895667,1.7684152425861426,76.84152425861426,0.5575529440143815,0.9985463476263041,2.2105190532326784
2.5,452.0,900.0,4432.605799999999,8825.984999999999,0.7576933101189829,0.32744295784835786,0.43215764673564094,56.784235326435905,0.7552187575649928,24.47812424350072,1.7133668154116868,71.33668154116867,0.5401970584195512,0.944023446956241,2.1417085192646086
3.0,452.0,900.0,4432.605799999999,8825.984999999999,0.9675769207485971,0.40481469488507343,0.41837985818416945,58.162014181583054,0.7139820964918558,28.601790350814415,1.658742291532115,65.8742291532115,0.5229748227302118,0.8924776206148198,2.0734278644151436
3.5,452.0,900.0,4432.605799999999,8825.984999999999,1.202522429126426,0.4866961441144561,0.4047293691378523,59.527063086214774,0.6749970508605062,32.50029491394938,1.6046224694654065,60.46224694654065,0.5059117114223154,0.8437463135756328,2.005778086831758
4.0,452.0,900.0,4432.605799999999,8825.984999999999,1.4655224401388538,0.573350159969398,0.39122578014914244,60.87742198508575,0.6381406773490125,36.18593226509875,1.5510850591315166,55.10850591315166,0.4890322251864281,0.7976758466862656,1.9388563239143957
4.5,452.0,900.0,4432.605799999999,8825.984999999999,1.759926901284382,0.6650549176948393,0.3778878072773858,62.21121927226142,0.6032967456203191,39.67032543796809,1.4982042637181971,49.820426371819714,0.4723597590967322,0.7541209320253989,1.8727553296477464
5.0,452.0,900.0,4432.605799999999,8825.984999999999,2.089485772437027,0.7621048063411973,0.36473318765522517,63.526681234477486,0.5703553717780113,42.96446282219887,1.4460504052819936,44.60504052819936,0.45591648456903144,0.7129442147225141,1.807563006602492
5.5,452.0,900.0,4432.605799999999,8825.984999999999,2.4583967907443176,0.8648113738070802,0.35177859695515024,64.82214030448498,0.5392126718362281,46.07873281637719,1.3946895975295235,39.46895975295235,0.43972324619393777,0.6740158397952851,1.7433619969119043
6.0,452.0,900.0,4432.605799999999,8825.984999999999,2.871358939062531,0.9735043269650419,0.3390395793856692,66.09604206143308,0.5097704341109057,49.02295658890943,1.344183468274689,34.418346827468895,0.4237994742320865,0.6372130426386322,1.6802293353433613
6.5,452.0,900.0,4432.605799999999,8825.984999999999,3.3336322989802945,1.0885325900809648,0.32653049060447664,67.34695093955234,0.48193580949920406,51.80641905007959,1.2945889331076537,29.458893310765365,0.4081631132555958,0.602419761874005,1.618236166384567
7.0,452.0,900.0,4432.605799999999,8825.984999999999,3.851105050804973,1.2102654249247915,0.3142644536979891,68.5735546302011,0.45562101867038085,54.43789813296191,1.2459580208677814,24.59580208677814,0.3928305671224864,0.569526273337976,1.5574475260847267
7.5,452.0,900.0,4432.605799999999,8825.984999999999,4.430368473920341,1.3390936161683666,0.3022533281488956,69.77466718511045,0.4307430752447093,56.925692475529075,1.1983377506099022,19.83377506099022,0.3778166601861195,0.5384288440558866,1.4979221882623777
8.0,452.0,900.0,4432.605799999999,8825.984999999999,5.078800902828247,1.4754307258757304,0.29050769150137445,70.94923084986256,0.4072235240874564,59.27764759125436,1.151770058912764,15.177005891276396,0.36313461437671807,0.5090294051093205,1.4397125736409548
8.5,452.0,900.0,4432.605799999999,8825.984999999999,5.804661708259534,1.6197144211130081,0.27903683324185696,72.09631667581431,0.3849881938926053,61.50118061073947,1.1062917756182167,10.629177561821667,0.3487960415523212,0.48123524236575665,1.3828647195227708
9.0,452.0,900.0,4432.605799999999,8825.984999999999,6.617196500433211,1.772407878939768,0.2678487602451783,73.21512397548217,0.363966963276068,63.603303672393196,1.0619346454234593,6.193464542345928,0.33481095030647284,0.454958704095085,1.3274183067793242
9.5,452.0,900.0,4432.605799999999,8825.984999999999,7.526754894484311,1.9340012732921226,0.2569502129940992,74.30497870059007,0.3440935396407413,65.59064603592587,1.0187253921862538,1.8725392186253798,0.321187766242624,0.43011692455092665,1.2734067402328173
10.0,452.0,900.0,4432.605799999999,8825.984999999999,8.544922338090814,2.1050133485307483,0.24634669166590342,75.36533083340966,0.32530525011603356,67.46947498839664,0.9766858223499384,-2.3314177650061607,0.3079333645823793,0.40663156264504197,1.220857277937423
10.5,452.0,900.0,4432.605799999999,8825.984999999999,9.684667680446443,2.2859930847051873,0.2360424910934897,76.39575089065103,0.30754284391256675,69.24571560874332,0.9358329635529734,-6.416703644702659,0.2950531138668621,0.38442855489070843,1.1697912044412169
11.0,452.0,900.0,4432.605799999999,8825.984999999999,10.960508362230597,2.47752145988025,0.22604074354960343,77.39592564503965,0.29075030546876385,70.92496945312361,0.8961792342547321,-10.382076574526788,0.2825509294370043,0.3634378818359548,1.1202240428184151
11.5,452.0,900.0,4432.605799999999,8825.984999999999,12.388695330673182,2.6802133151818976,0.21634346827029924,78.36565317297007,0.2748746778000555,72.51253221999445,0.8577326400801863,-14.226735991981364,0.27042933533787405,0.34359334725006935,1.072165800100233
12.0,452.0,900.0,4432.605799999999,8825.984999999999,13.987420035059365,2.8947193285497432,0.2069516266255071,79.30483733744929,0.2598658954936213,74.01341045063788,0.8204969925535515,-17.950300744644853,0.2586895332818839,0.32483236936702664,1.0256212406919394
12.5,452.0,900.0,4432.605799999999,8825.984999999999,15.777046139267469,3.1217281035322904,0.19786518185825833,80.21348181417417,0.24567662682200003,75.43233731779999,0.7844721459452054,-21.552785405479458,0.2473314773228229,0.30709578352750005,0.9805901824315068
13.0,452.0,900.0,4432.605799999999,8825.984999999999,17.78036890276523,3.3619683798303033,0.18908316234695474,81.09168376530452,0.2322621244776531,76.7737875522347,0.7496542480863486,-25.03457519136514,0.23635395293369343,0.29032765559706636,0.9370678101079357
13.5,452.0,900.0,4432.605799999999,8825.984999999999,20.022905533914866,3.616211372684578,0.1806037273940801,81.93962726059199,0.21958008445776198,78.0419915542238,0.7160360012001962,-28.396399879980383,0.22575465924260013,0.27447510557220245,0.8950450015002452
14.0,452.0,900.0,4432.605799999999,8825.984999999999,22.53322021394552,3.8852732486179686,0.17242423460688602,82.7575765393114,0.20759051265423553,79.24094873457645,0.6836069290448434,-31.639307095515655,0.21553029325860754,0.2594881408177944,0.8545086613060543
14.5,452.0,900.0,4432.605799999999,8825.984999999999,25.343287931567065,4.170017745479242,0.16454130800783573,83.54586919921643,0.19625559872820691,80.37444012717931,0.6523536469493839,-34.76463530506161,0.20567663500979466,0.24531949841025863,0.8154420586867299
15.0,452.0,900.0,4432.605799999999,8825.984999999999,28.488901762547933,4.471358945199606,0.1569509060920608,84.30490939079391,0.18553959687126928,81.44604031287307,0.6222601316399544,-37.77398683600456,0.19618863261507602,0.2319244960890866,0.777825164549943
15.5,452.0,900.0,4432.605799999999,8825.984999999999,32.01012878195702,4.790264208162947,0.14964838913309994,85.03516108669001,0.17540871307741893,82.4591286922581,0.5933079880854557,-40.66920119145443,0.18706048641637493,0.21926089134677365,0.7416349851068196
16.0,452.0,900.0,4432.605799999999,8825.984999999999,35.951820416225516,5.127757278609646,0.1426285851243133,85.73714148756866,0.1658309985702072,83.41690014297927,0.5654767109341657,-43.452328906583425,0.17828573140539164,0.207288748212759,0.7068458886677071
16.5,452.0,900.0,4432.605799999999,8825.984999999999,40.36418373560887,5.484921571042892,0.13588585382947185,86.41141461705281,0.15677624904901163,84.32237509509883,0.5387439384538345,-46.12560615461655,0.1698573172868398,0.19597031131126455,0.6734299230672931
17.0,452.0,900.0,4432.605799999999,8825.984999999999,45.30342096385356,5.862903648187464,0.1294141485002937,87.05858514997063,0.14821590943669025,85.17840905633098,0.5130856972219727,-48.69143027780273,0.16176768562536714,0.18526988679586281,0.6413571215274659
17.5,452.0,900.0,4432.605799999999,8825.984999999999,50.8324453507864,6.262916901665838,0.12320707489963292,87.67929251003672,0.1401229838282296,85.98770161717704,0.4884766361339117,-51.15233638660883,0.15400884362454115,0.175153729785287,0.6105957951673896
18.0,452.0,900.0,4432.605799999999,8825.984999999999,57.02168252621196,6.686245447207304,0.11725794734544606,88.2742052654554,0.1324719503564026,86.75280496435974,0.4648902485992018,-53.51097514007982,0.14657243418180757,0.16558993794550325,0.5811128107490022
18.5,452.0,900.0,4432.605799999999,8825.984999999999,63.94996754231762,7.134248246894392,0.11155984156166217,88.84401584383377,0.12523868070595398,87.4761319294046,0.4422990820784045,-55.77009179215955,0.1394498019520777,0.15654835088244248,0.5528738525980057
19.0,452.0,900.0,4432.605799999999,8825.984999999999,71.70554903061216,7.608363471679796,0.10610564418705828,89.38943558129418,0.11840036402249442,88.15996359775056,0.4206749343699449,-57.932506563005504,0.13263205523382285,0.148000455028118,0.5258436679624311
19.5,452.0,900.0,4432.605799999999,8825.984999999999,80.3872132637885,8.110113118178255,0.10088809885180539,89.91119011481946,0.11193543497614268,88.80645650238573,0.3999890362888752,-60.00109637111248,0.12611012356475673,0.13991929372017836,0.499986295361094
20.0,452.0,900.0,4432.605799999999,8825.984999999999,90.10554244018502,8.64110789455413,0.09589984878333514,90.41001512166649,0.10582350575305516,89.41764942469447,0.38021222058550724,-61.97877794144928,0.11987481097916892,0.13227938219131896,0.47526527573188404
